output_id,task_id,quality_level
output_000001,task_001,intermediate
output_000002,task_001,intermediate
output_000003,task_001,intermediate
output_000004,task_001,intermediate
output_000005,task_001,intermediate
output_000006,task_001,intermediate
output_000007,task_001,intermediate
output_000008,task_001,intermediate
output_000009,task_001,intermediate
output_000010,task_001,intermediate
output_000011,task_001,intermediate
output_000012,task_001,intermediate
output_000013,task_001,intermediate
output_000014,task_001,intermediate
output_000015,task_001,intermediate
output_000016,task_001,intermediate
output_000017,task_001,intermediate
output_000018,task_001,intermediate
output_000019,task_001,intermediate
output_000020,task_001,intermediate
output_000021,task_001,intermediate
output_000022,task_001,intermediate
output_000023,task_001,intermediate
output_000024,task_001,intermediate
output_000025,task_001,intermediate
output_000026,task_001,intermediate
output_000027,task_001,good
output_000028,task_001,good
output_000029,task_001,good
output_000030,task_001,good
output_000031,task_001,good
output_000032,task_001,good
output_000033,task_001,good
output_000034,task_001,good
output_000035,task_001,good
output_000036,task_001,good
output_000037,task_001,good
output_000038,task_001,good
output_000039,task_001,good
output_000040,task_001,good
output_000041,task_001,good
output_000042,task_001,good
output_000043,task_001,good
output_000044,task_001,good
output_000045,task_001,good
output_000046,task_001,good
output_000047,task_001,good
output_000048,task_001,excellent
output_000049,task_001,excellent
output_000050,task_001,excellent
output_000051,task_001,excellent
output_000052,task_001,excellent
output_000053,task_001,excellent
output_000054,task_001,excellent
output_000055,task_001,excellent
output_000056,task_001,excellent
output_000057,task_001,excellent
output_000058,task_001,excellent
output_000059,task_001,excellent
output_000060,task_001,excellent
output_000061,task_001,excellent
output_000062,task_001,excellent
output_000063,task_001,excellent
output_000064,task_001,excellent
output_000065,task_001,excellent
output_000066,task_001,excellent
output_000067,task_001,excellent
output_000068,task_001,excellent
output_000069,task_001,excellent
output_000070,task_001,excellent
output_000071,task_001,excellent
output_000072,task_001,excellent
output_000073,task_001,excellent
output_000074,task_002,intermediate
output_000075,task_002,intermediate
output_000076,task_002,intermediate
output_000077,task_002,intermediate
output_000078,task_002,intermediate
output_000079,task_002,intermediate
output_000080,task_002,intermediate
output_000081,task_002,intermediate
output_000082,task_002,intermediate
output_000083,task_002,intermediate
output_000084,task_002,intermediate
output_000085,task_002,intermediate
output_000086,task_002,intermediate
output_000087,task_002,intermediate
output_000088,task_002,intermediate
output_000089,task_002,intermediate
output_000090,task_002,intermediate
output_000091,task_002,intermediate
output_000092,task_002,intermediate
output_000093,task_002,intermediate
output_000094,task_002,intermediate
output_000095,task_002,intermediate
output_000096,task_002,good
output_000097,task_002,good
output_000098,task_002,good
output_000099,task_002,good
output_000100,task_002,good
output_000101,task_002,good
output_000102,task_002,good
output_000103,task_002,good
output_000104,task_002,good
output_000105,task_002,good
output_000106,task_002,good
output_000107,task_002,good
output_000108,task_002,good
output_000109,task_002,good
output_000110,task_002,good
output_000111,task_002,good
output_000112,task_002,good
output_000113,task_002,good
output_000114,task_002,good
output_000115,task_002,good
output_000116,task_002,good
output_000117,task_002,good
output_000118,task_002,good
output_000119,task_002,good
output_000120,task_002,good
output_000121,task_002,excellent
output_000122,task_002,excellent
output_000123,task_002,excellent
output_000124,task_002,excellent
output_000125,task_002,excellent
output_000126,task_002,excellent
output_000127,task_002,excellent
output_000128,task_002,excellent
output_000129,task_002,excellent
output_000130,task_002,excellent
output_000131,task_002,excellent
output_000132,task_002,excellent
output_000133,task_002,excellent
output_000134,task_002,excellent
output_000135,task_002,excellent
output_000136,task_002,excellent
output_000137,task_002,excellent
output_000138,task_002,excellent
output_000139,task_002,excellent
output_000140,task_002,excellent
output_000141,task_002,excellent
output_000142,task_002,excellent
output_000143,task_002,excellent
output_000144,task_002,excellent
output_000145,task_002,excellent
output_000146,task_003,intermediate
output_000147,task_003,intermediate
output_000148,task_003,intermediate
output_000149,task_003,intermediate
output_000150,task_003,intermediate
output_000151,task_003,intermediate
output_000152,task_003,intermediate
output_000153,task_003,intermediate
output_000154,task_003,intermediate
output_000155,task_003,intermediate
output_000156,task_003,intermediate
output_000157,task_003,intermediate
output_000158,task_003,intermediate
output_000159,task_003,intermediate
output_000160,task_003,intermediate
output_000161,task_003,intermediate
output_000162,task_003,intermediate
output_000163,task_003,intermediate
output_000164,task_003,intermediate
output_000165,task_003,intermediate
output_000166,task_003,intermediate
output_000167,task_003,intermediate
output_000168,task_003,intermediate
output_000169,task_003,intermediate
output_000170,task_003,intermediate
output_000171,task_003,intermediate
output_000172,task_003,intermediate
output_000173,task_003,good
output_000174,task_003,good
output_000175,task_003,good
output_000176,task_003,good
output_000177,task_003,good
output_000178,task_003,good
output_000179,task_003,good
output_000180,task_003,good
output_000181,task_003,good
output_000182,task_003,good
output_000183,task_003,good
output_000184,task_003,good
output_000185,task_003,good
output_000186,task_003,good
output_000187,task_003,good
output_000188,task_003,good
output_000189,task_003,good
output_000190,task_003,good
output_000191,task_003,good
output_000192,task_003,good
output_000193,task_003,good
output_000194,task_003,good
output_000195,task_003,good
output_000196,task_003,good
output_000197,task_003,good
output_000198,task_003,excellent
output_000199,task_003,excellent
output_000200,task_003,excellent
output_000201,task_003,excellent
output_000202,task_003,excellent
output_000203,task_003,excellent
output_000204,task_003,excellent
output_000205,task_003,excellent
output_000206,task_003,excellent
output_000207,task_003,excellent
output_000208,task_003,excellent
output_000209,task_003,excellent
output_000210,task_003,excellent
output_000211,task_003,excellent
output_000212,task_003,excellent
output_000213,task_003,excellent
output_000214,task_003,excellent
output_000215,task_003,excellent
output_000216,task_003,excellent
output_000217,task_003,excellent
output_000218,task_003,excellent
output_000219,task_003,excellent
output_000220,task_003,excellent
output_000221,task_003,excellent
output_000222,task_003,excellent
output_000223,task_003,excellent
output_000224,task_003,excellent
output_000225,task_003,excellent
output_000226,task_004,intermediate
output_000227,task_004,intermediate
output_000228,task_004,intermediate
output_000229,task_004,intermediate
output_000230,task_004,intermediate
output_000231,task_004,intermediate
output_000232,task_004,intermediate
output_000233,task_004,intermediate
output_000234,task_004,intermediate
output_000235,task_004,intermediate
output_000236,task_004,intermediate
output_000237,task_004,intermediate
output_000238,task_004,intermediate
output_000239,task_004,intermediate
output_000240,task_004,intermediate
output_000241,task_004,intermediate
output_000242,task_004,intermediate
output_000243,task_004,intermediate
output_000244,task_004,intermediate
output_000245,task_004,intermediate
output_000246,task_004,intermediate
output_000247,task_004,intermediate
output_000248,task_004,intermediate
output_000249,task_004,intermediate
output_000250,task_004,good
output_000251,task_004,good
output_000252,task_004,good
output_000253,task_004,good
output_000254,task_004,good
output_000255,task_004,good
output_000256,task_004,good
output_000257,task_004,good
output_000258,task_004,good
output_000259,task_004,good
output_000260,task_004,good
output_000261,task_004,good
output_000262,task_004,good
output_000263,task_004,good
output_000264,task_004,good
output_000265,task_004,good
output_000266,task_004,good
output_000267,task_004,good
output_000268,task_004,good
output_000269,task_004,good
output_000270,task_004,good
output_000271,task_004,good
output_000272,task_004,good
output_000273,task_004,good
output_000274,task_004,good
output_000275,task_004,good
output_000276,task_004,excellent
output_000277,task_004,excellent
output_000278,task_004,excellent
output_000279,task_004,excellent
output_000280,task_004,excellent
output_000281,task_004,excellent
output_000282,task_004,excellent
output_000283,task_004,excellent
output_000284,task_004,excellent
output_000285,task_004,excellent
output_000286,task_004,excellent
output_000287,task_004,excellent
output_000288,task_004,excellent
output_000289,task_004,excellent
output_000290,task_004,excellent
output_000291,task_004,excellent
output_000292,task_004,excellent
output_000293,task_004,excellent
output_000294,task_004,excellent
output_000295,task_004,excellent
output_000296,task_004,excellent
output_000297,task_004,excellent
output_000298,task_004,excellent
output_000299,task_004,excellent
output_000300,task_004,excellent
output_000301,task_005,intermediate
output_000302,task_005,intermediate
output_000303,task_005,intermediate
output_000304,task_005,intermediate
output_000305,task_005,intermediate
output_000306,task_005,intermediate
output_000307,task_005,intermediate
output_000308,task_005,intermediate
output_000309,task_005,intermediate
output_000310,task_005,intermediate
output_000311,task_005,intermediate
output_000312,task_005,intermediate
output_000313,task_005,intermediate
output_000314,task_005,intermediate
output_000315,task_005,intermediate
output_000316,task_005,intermediate
output_000317,task_005,intermediate
output_000318,task_005,intermediate
output_000319,task_005,intermediate
output_000320,task_005,intermediate
output_000321,task_005,intermediate
output_000322,task_005,intermediate
output_000323,task_005,intermediate
output_000324,task_005,intermediate
output_000325,task_005,intermediate
output_000326,task_005,good
output_000327,task_005,good
output_000328,task_005,good
output_000329,task_005,good
output_000330,task_005,good
output_000331,task_005,good
output_000332,task_005,good
output_000333,task_005,good
output_000334,task_005,good
output_000335,task_005,good
output_000336,task_005,good
output_000337,task_005,good
output_000338,task_005,good
output_000339,task_005,good
output_000340,task_005,good
output_000341,task_005,good
output_000342,task_005,good
output_000343,task_005,good
output_000344,task_005,good
output_000345,task_005,good
output_000346,task_005,good
output_000347,task_005,good
output_000348,task_005,good
output_000349,task_005,good
output_000350,task_005,good
output_000351,task_005,excellent
output_000352,task_005,excellent
output_000353,task_005,excellent
output_000354,task_005,excellent
output_000355,task_005,excellent
output_000356,task_005,excellent
output_000357,task_005,excellent
output_000358,task_005,excellent
output_000359,task_005,excellent
output_000360,task_005,excellent
output_000361,task_005,excellent
output_000362,task_005,excellent
output_000363,task_005,excellent
output_000364,task_005,excellent
output_000365,task_005,excellent
output_000366,task_005,excellent
output_000367,task_005,excellent
output_000368,task_005,excellent
output_000369,task_005,excellent
output_000370,task_005,excellent
output_000371,task_005,excellent
output_000372,task_005,excellent
output_000373,task_005,excellent
output_000374,task_005,excellent
output_000375,task_005,excellent
output_000376,task_005,excellent
output_000377,task_005,excellent
output_000378,task_005,excellent
output_000379,task_005,excellent
output_000380,task_005,excellent
output_000381,task_006,intermediate
output_000382,task_006,intermediate
output_000383,task_006,intermediate
output_000384,task_006,intermediate
output_000385,task_006,intermediate
output_000386,task_006,intermediate
output_000387,task_006,intermediate
output_000388,task_006,intermediate
output_000389,task_006,intermediate
output_000390,task_006,intermediate
output_000391,task_006,intermediate
output_000392,task_006,intermediate
output_000393,task_006,intermediate
output_000394,task_006,intermediate
output_000395,task_006,intermediate
output_000396,task_006,intermediate
output_000397,task_006,intermediate
output_000398,task_006,intermediate
output_000399,task_006,intermediate
output_000400,task_006,intermediate
output_000401,task_006,intermediate
output_000402,task_006,intermediate
output_000403,task_006,intermediate
output_000404,task_006,intermediate
output_000405,task_006,intermediate
output_000406,task_006,good
output_000407,task_006,good
output_000408,task_006,good
output_000409,task_006,good
output_000410,task_006,good
output_000411,task_006,good
output_000412,task_006,good
output_000413,task_006,good
output_000414,task_006,good
output_000415,task_006,good
output_000416,task_006,good
output_000417,task_006,good
output_000418,task_006,good
output_000419,task_006,good
output_000420,task_006,good
output_000421,task_006,good
output_000422,task_006,good
output_000423,task_006,good
output_000424,task_006,good
output_000425,task_006,good
output_000426,task_006,good
output_000427,task_006,good
output_000428,task_006,good
output_000429,task_006,good
output_000430,task_006,good
output_000431,task_006,good
output_000432,task_006,excellent
output_000433,task_006,excellent
output_000434,task_006,excellent
output_000435,task_006,excellent
output_000436,task_006,excellent
output_000437,task_006,excellent
output_000438,task_006,excellent
output_000439,task_006,excellent
output_000440,task_006,excellent
output_000441,task_006,excellent
output_000442,task_006,excellent
output_000443,task_006,excellent
output_000444,task_006,excellent
output_000445,task_006,excellent
output_000446,task_006,excellent
output_000447,task_006,excellent
output_000448,task_006,excellent
output_000449,task_006,excellent
output_000450,task_006,excellent
output_000451,task_006,excellent
output_000452,task_006,excellent
output_000453,task_006,excellent
output_000454,task_006,excellent
output_000455,task_006,excellent
output_000456,task_006,excellent
output_000457,task_007,intermediate
output_000458,task_007,intermediate
output_000459,task_007,intermediate
output_000460,task_007,intermediate
output_000461,task_007,intermediate
output_000462,task_007,intermediate
output_000463,task_007,intermediate
output_000464,task_007,intermediate
output_000465,task_007,intermediate
output_000466,task_007,intermediate
output_000467,task_007,intermediate
output_000468,task_007,intermediate
output_000469,task_007,intermediate
output_000470,task_007,intermediate
output_000471,task_007,intermediate
output_000472,task_007,intermediate
output_000473,task_007,intermediate
output_000474,task_007,intermediate
output_000475,task_007,intermediate
output_000476,task_007,intermediate
output_000477,task_007,intermediate
output_000478,task_007,intermediate
output_000479,task_007,intermediate
output_000480,task_007,good
output_000481,task_007,good
output_000482,task_007,good
output_000483,task_007,good
output_000484,task_007,good
output_000485,task_007,good
output_000486,task_007,good
output_000487,task_007,good
output_000488,task_007,good
output_000489,task_007,good
output_000490,task_007,good
output_000491,task_007,good
output_000492,task_007,good
output_000493,task_007,good
output_000494,task_007,good
output_000495,task_007,good
output_000496,task_007,good
output_000497,task_007,good
output_000498,task_007,good
output_000499,task_007,good
output_000500,task_007,good
output_000501,task_007,good
output_000502,task_007,excellent
output_000503,task_007,excellent
output_000504,task_007,excellent
output_000505,task_007,excellent
output_000506,task_007,excellent
output_000507,task_007,excellent
output_000508,task_007,excellent
output_000509,task_007,excellent
output_000510,task_007,excellent
output_000511,task_007,excellent
output_000512,task_007,excellent
output_000513,task_007,excellent
output_000514,task_007,excellent
output_000515,task_007,excellent
output_000516,task_007,excellent
output_000517,task_007,excellent
output_000518,task_007,excellent
output_000519,task_007,excellent
output_000520,task_007,excellent
output_000521,task_007,excellent
output_000522,task_007,excellent
output_000523,task_007,excellent
output_000524,task_007,excellent
output_000525,task_008,intermediate
output_000526,task_008,intermediate
output_000527,task_008,intermediate
output_000528,task_008,intermediate
output_000529,task_008,intermediate
output_000530,task_008,intermediate
output_000531,task_008,intermediate
output_000532,task_008,intermediate
output_000533,task_008,intermediate
output_000534,task_008,intermediate
output_000535,task_008,intermediate
output_000536,task_008,intermediate
output_000537,task_008,intermediate
output_000538,task_008,intermediate
output_000539,task_008,intermediate
output_000540,task_008,intermediate
output_000541,task_008,intermediate
output_000542,task_008,intermediate
output_000543,task_008,intermediate
output_000544,task_008,intermediate
output_000545,task_008,intermediate
output_000546,task_008,intermediate
output_000547,task_008,intermediate
output_000548,task_008,intermediate
output_000549,task_008,intermediate
output_000550,task_008,intermediate
output_000551,task_008,intermediate
output_000552,task_008,intermediate
output_000553,task_008,intermediate
output_000554,task_008,intermediate
output_000555,task_008,intermediate
output_000556,task_008,intermediate
output_000557,task_008,good
output_000558,task_008,good
output_000559,task_008,good
output_000560,task_008,good
output_000561,task_008,good
output_000562,task_008,good
output_000563,task_008,good
output_000564,task_008,good
output_000565,task_008,good
output_000566,task_008,good
output_000567,task_008,good
output_000568,task_008,good
output_000569,task_008,good
output_000570,task_008,good
output_000571,task_008,good
output_000572,task_008,good
output_000573,task_008,good
output_000574,task_008,good
output_000575,task_008,good
output_000576,task_008,good
output_000577,task_008,good
output_000578,task_008,good
output_000579,task_008,good
output_000580,task_008,good
output_000581,task_008,good
output_000582,task_008,good
output_000583,task_008,good
output_000584,task_008,excellent
output_000585,task_008,excellent
output_000586,task_008,excellent
output_000587,task_008,excellent
output_000588,task_008,excellent
output_000589,task_008,excellent
output_000590,task_008,excellent
output_000591,task_008,excellent
output_000592,task_008,excellent
output_000593,task_008,excellent
output_000594,task_008,excellent
output_000595,task_008,excellent
output_000596,task_008,excellent
output_000597,task_008,excellent
output_000598,task_008,excellent
output_000599,task_008,excellent
output_000600,task_008,excellent
output_000601,task_008,excellent
output_000602,task_008,excellent
output_000603,task_008,excellent
output_000604,task_008,excellent
output_000605,task_008,excellent
output_000606,task_008,excellent
output_000607,task_008,excellent
output_000608,task_008,excellent
output_000609,task_008,excellent
output_000610,task_008,excellent
output_000611,task_008,excellent
output_000612,task_008,excellent
output_000613,task_009,intermediate
output_000614,task_009,intermediate
output_000615,task_009,intermediate
output_000616,task_009,intermediate
output_000617,task_009,intermediate
output_000618,task_009,intermediate
output_000619,task_009,intermediate
output_000620,task_009,intermediate
output_000621,task_009,intermediate
output_000622,task_009,intermediate
output_000623,task_009,intermediate
output_000624,task_009,intermediate
output_000625,task_009,intermediate
output_000626,task_009,intermediate
output_000627,task_009,intermediate
output_000628,task_009,intermediate
output_000629,task_009,intermediate
output_000630,task_009,intermediate
output_000631,task_009,intermediate
output_000632,task_009,intermediate
output_000633,task_009,intermediate
output_000634,task_009,intermediate
output_000635,task_009,intermediate
output_000636,task_009,intermediate
output_000637,task_009,intermediate
output_000638,task_009,intermediate
output_000639,task_009,intermediate
output_000640,task_009,intermediate
output_000641,task_009,intermediate
output_000642,task_009,intermediate
output_000643,task_009,intermediate
output_000644,task_009,good
output_000645,task_009,good
output_000646,task_009,good
output_000647,task_009,good
output_000648,task_009,good
output_000649,task_009,good
output_000650,task_009,good
output_000651,task_009,good
output_000652,task_009,good
output_000653,task_009,good
output_000654,task_009,good
output_000655,task_009,good
output_000656,task_009,good
output_000657,task_009,good
output_000658,task_009,good
output_000659,task_009,good
output_000660,task_009,good
output_000661,task_009,good
output_000662,task_009,good
output_000663,task_009,good
output_000664,task_009,good
output_000665,task_009,good
output_000666,task_009,good
output_000667,task_009,good
output_000668,task_009,good
output_000669,task_009,good
output_000670,task_009,good
output_000671,task_009,good
output_000672,task_009,excellent
output_000673,task_009,excellent
output_000674,task_009,excellent
output_000675,task_009,excellent
output_000676,task_009,excellent
output_000677,task_009,excellent
output_000678,task_009,excellent
output_000679,task_009,excellent
output_000680,task_009,excellent
output_000681,task_009,excellent
output_000682,task_009,excellent
output_000683,task_009,excellent
output_000684,task_009,excellent
output_000685,task_009,excellent
output_000686,task_009,excellent
output_000687,task_009,excellent
output_000688,task_009,excellent
output_000689,task_009,excellent
output_000690,task_009,excellent
output_000691,task_009,excellent
output_000692,task_009,excellent
output_000693,task_009,excellent
output_000694,task_009,excellent
output_000695,task_009,excellent
output_000696,task_009,excellent
output_000697,task_009,excellent
output_000698,task_009,excellent
output_000699,task_010,intermediate
output_000700,task_010,intermediate
output_000701,task_010,intermediate
output_000702,task_010,intermediate
output_000703,task_010,intermediate
output_000704,task_010,intermediate
output_000705,task_010,intermediate
output_000706,task_010,intermediate
output_000707,task_010,intermediate
output_000708,task_010,intermediate
output_000709,task_010,intermediate
output_000710,task_010,intermediate
output_000711,task_010,intermediate
output_000712,task_010,intermediate
output_000713,task_010,intermediate
output_000714,task_010,intermediate
output_000715,task_010,intermediate
output_000716,task_010,intermediate
output_000717,task_010,intermediate
output_000718,task_010,intermediate
output_000719,task_010,intermediate
output_000720,task_010,intermediate
output_000721,task_010,intermediate
output_000722,task_010,intermediate
output_000723,task_010,good
output_000724,task_010,good
output_000725,task_010,good
output_000726,task_010,good
output_000727,task_010,good
output_000728,task_010,good
output_000729,task_010,good
output_000730,task_010,good
output_000731,task_010,good
output_000732,task_010,good
output_000733,task_010,good
output_000734,task_010,good
output_000735,task_010,good
output_000736,task_010,good
output_000737,task_010,good
output_000738,task_010,good
output_000739,task_010,good
output_000740,task_010,good
output_000741,task_010,good
output_000742,task_010,good
output_000743,task_010,good
output_000744,task_010,good
output_000745,task_010,good
output_000746,task_010,excellent
output_000747,task_010,excellent
output_000748,task_010,excellent
output_000749,task_010,excellent
output_000750,task_010,excellent
output_000751,task_010,excellent
output_000752,task_010,excellent
output_000753,task_010,excellent
output_000754,task_010,excellent
output_000755,task_010,excellent
output_000756,task_010,excellent
output_000757,task_010,excellent
output_000758,task_010,excellent
output_000759,task_010,excellent
output_000760,task_010,excellent
output_000761,task_010,excellent
output_000762,task_010,excellent
output_000763,task_010,excellent
output_000764,task_010,excellent
output_000765,task_010,excellent
output_000766,task_010,excellent
output_000767,task_010,excellent
output_000768,task_010,excellent
output_000769,task_010,excellent
output_000770,task_010,excellent
output_000771,task_010,excellent
output_000772,task_010,excellent
output_000773,task_010,excellent
output_000774,task_010,excellent
output_000775,task_011,intermediate
output_000776,task_011,intermediate
output_000777,task_011,intermediate
output_000778,task_011,intermediate
output_000779,task_011,intermediate
output_000780,task_011,intermediate
output_000781,task_011,intermediate
output_000782,task_011,intermediate
output_000783,task_011,intermediate
output_000784,task_011,intermediate
output_000785,task_011,intermediate
output_000786,task_011,intermediate
output_000787,task_011,intermediate
output_000788,task_011,intermediate
output_000789,task_011,intermediate
output_000790,task_011,intermediate
output_000791,task_011,intermediate
output_000792,task_011,intermediate
output_000793,task_011,intermediate
output_000794,task_011,intermediate
output_000795,task_011,intermediate
output_000796,task_011,intermediate
output_000797,task_011,intermediate
output_000798,task_011,intermediate
output_000799,task_011,intermediate
output_000800,task_011,intermediate
output_000801,task_011,intermediate
output_000802,task_011,good
output_000803,task_011,good
output_000804,task_011,good
output_000805,task_011,good
output_000806,task_011,good
output_000807,task_011,good
output_000808,task_011,good
output_000809,task_011,good
output_000810,task_011,good
output_000811,task_011,good
output_000812,task_011,good
output_000813,task_011,good
output_000814,task_011,good
output_000815,task_011,good
output_000816,task_011,good
output_000817,task_011,good
output_000818,task_011,good
output_000819,task_011,good
output_000820,task_011,good
output_000821,task_011,good
output_000822,task_011,good
output_000823,task_011,good
output_000824,task_011,good
output_000825,task_011,good
output_000826,task_011,good
output_000827,task_011,good
output_000828,task_011,good
output_000829,task_011,excellent
output_000830,task_011,excellent
output_000831,task_011,excellent
output_000832,task_011,excellent
output_000833,task_011,excellent
output_000834,task_011,excellent
output_000835,task_011,excellent
output_000836,task_011,excellent
output_000837,task_011,excellent
output_000838,task_011,excellent
output_000839,task_011,excellent
output_000840,task_011,excellent
output_000841,task_011,excellent
output_000842,task_011,excellent
output_000843,task_011,excellent
output_000844,task_011,excellent
output_000845,task_011,excellent
output_000846,task_011,excellent
output_000847,task_011,excellent
output_000848,task_011,excellent
output_000849,task_011,excellent
output_000850,task_011,excellent
output_000851,task_011,excellent
output_000852,task_012,intermediate
output_000853,task_012,intermediate
output_000854,task_012,intermediate
output_000855,task_012,intermediate
output_000856,task_012,intermediate
output_000857,task_012,intermediate
output_000858,task_012,intermediate
output_000859,task_012,intermediate
output_000860,task_012,intermediate
output_000861,task_012,intermediate
output_000862,task_012,intermediate
output_000863,task_012,intermediate
output_000864,task_012,intermediate
output_000865,task_012,intermediate
output_000866,task_012,intermediate
output_000867,task_012,intermediate
output_000868,task_012,intermediate
output_000869,task_012,intermediate
output_000870,task_012,intermediate
output_000871,task_012,intermediate
output_000872,task_012,intermediate
output_000873,task_012,intermediate
output_000874,task_012,intermediate
output_000875,task_012,intermediate
output_000876,task_012,intermediate
output_000877,task_012,good
output_000878,task_012,good
output_000879,task_012,good
output_000880,task_012,good
output_000881,task_012,good
output_000882,task_012,good
output_000883,task_012,good
output_000884,task_012,good
output_000885,task_012,good
output_000886,task_012,good
output_000887,task_012,good
output_000888,task_012,good
output_000889,task_012,good
output_000890,task_012,good
output_000891,task_012,good
output_000892,task_012,good
output_000893,task_012,good
output_000894,task_012,good
output_000895,task_012,good
output_000896,task_012,good
output_000897,task_012,good
output_000898,task_012,good
output_000899,task_012,good
output_000900,task_012,good
output_000901,task_012,good
output_000902,task_012,good
output_000903,task_012,good
output_000904,task_012,good
output_000905,task_012,good
output_000906,task_012,good
output_000907,task_012,excellent
output_000908,task_012,excellent
output_000909,task_012,excellent
output_000910,task_012,excellent
output_000911,task_012,excellent
output_000912,task_012,excellent
output_000913,task_012,excellent
output_000914,task_012,excellent
output_000915,task_012,excellent
output_000916,task_012,excellent
output_000917,task_012,excellent
output_000918,task_012,excellent
output_000919,task_012,excellent
output_000920,task_012,excellent
output_000921,task_012,excellent
output_000922,task_012,excellent
output_000923,task_012,excellent
output_000924,task_012,excellent
output_000925,task_012,excellent
output_000926,task_012,excellent
output_000927,task_012,excellent
output_000928,task_012,excellent
output_000929,task_012,excellent
output_000930,task_012,excellent
output_000931,task_012,excellent
output_000932,task_012,excellent
output_000933,task_012,excellent
output_000934,task_013,intermediate
output_000935,task_013,intermediate
output_000936,task_013,intermediate
output_000937,task_013,intermediate
output_000938,task_013,intermediate
output_000939,task_013,intermediate
output_000940,task_013,intermediate
output_000941,task_013,intermediate
output_000942,task_013,intermediate
output_000943,task_013,intermediate
output_000944,task_013,intermediate
output_000945,task_013,intermediate
output_000946,task_013,intermediate
output_000947,task_013,intermediate
output_000948,task_013,intermediate
output_000949,task_013,intermediate
output_000950,task_013,intermediate
output_000951,task_013,intermediate
output_000952,task_013,intermediate
output_000953,task_013,intermediate
output_000954,task_013,intermediate
output_000955,task_013,good
output_000956,task_013,good
output_000957,task_013,good
output_000958,task_013,good
output_000959,task_013,good
output_000960,task_013,good
output_000961,task_013,good
output_000962,task_013,good
output_000963,task_013,good
output_000964,task_013,good
output_000965,task_013,good
output_000966,task_013,good
output_000967,task_013,good
output_000968,task_013,good
output_000969,task_013,good
output_000970,task_013,good
output_000971,task_013,good
output_000972,task_013,good
output_000973,task_013,good
output_000974,task_013,good
output_000975,task_013,good
output_000976,task_013,good
output_000977,task_013,good
output_000978,task_013,good
output_000979,task_013,excellent
output_000980,task_013,excellent
output_000981,task_013,excellent
output_000982,task_013,excellent
output_000983,task_013,excellent
output_000984,task_013,excellent
output_000985,task_013,excellent
output_000986,task_013,excellent
output_000987,task_013,excellent
output_000988,task_013,excellent
output_000989,task_013,excellent
output_000990,task_013,excellent
output_000991,task_013,excellent
output_000992,task_013,excellent
output_000993,task_013,excellent
output_000994,task_013,excellent
output_000995,task_013,excellent
output_000996,task_013,excellent
output_000997,task_013,excellent
output_000998,task_013,excellent
output_000999,task_013,excellent
output_001000,task_013,excellent
output_001001,task_013,excellent
output_001002,task_013,excellent
output_001003,task_013,excellent
output_001004,task_014,intermediate
output_001005,task_014,intermediate
output_001006,task_014,intermediate
output_001007,task_014,intermediate
output_001008,task_014,intermediate
output_001009,task_014,intermediate
output_001010,task_014,intermediate
output_001011,task_014,intermediate
output_001012,task_014,intermediate
output_001013,task_014,intermediate
output_001014,task_014,intermediate
output_001015,task_014,intermediate
output_001016,task_014,intermediate
output_001017,task_014,intermediate
output_001018,task_014,intermediate
output_001019,task_014,intermediate
output_001020,task_014,intermediate
output_001021,task_014,intermediate
output_001022,task_014,intermediate
output_001023,task_014,intermediate
output_001024,task_014,intermediate
output_001025,task_014,intermediate
output_001026,task_014,intermediate
output_001027,task_014,intermediate
output_001028,task_014,intermediate
output_001029,task_014,intermediate
output_001030,task_014,intermediate
output_001031,task_014,good
output_001032,task_014,good
output_001033,task_014,good
output_001034,task_014,good
output_001035,task_014,good
output_001036,task_014,good
output_001037,task_014,good
output_001038,task_014,good
output_001039,task_014,good
output_001040,task_014,good
output_001041,task_014,good
output_001042,task_014,good
output_001043,task_014,good
output_001044,task_014,good
output_001045,task_014,good
output_001046,task_014,good
output_001047,task_014,good
output_001048,task_014,good
output_001049,task_014,good
output_001050,task_014,good
output_001051,task_014,good
output_001052,task_014,good
output_001053,task_014,excellent
output_001054,task_014,excellent
output_001055,task_014,excellent
output_001056,task_014,excellent
output_001057,task_014,excellent
output_001058,task_014,excellent
output_001059,task_014,excellent
output_001060,task_014,excellent
output_001061,task_014,excellent
output_001062,task_014,excellent
output_001063,task_014,excellent
output_001064,task_014,excellent
output_001065,task_014,excellent
output_001066,task_014,excellent
output_001067,task_014,excellent
output_001068,task_014,excellent
output_001069,task_014,excellent
output_001070,task_014,excellent
output_001071,task_014,excellent
output_001072,task_014,excellent
output_001073,task_014,excellent
output_001074,task_014,excellent
output_001075,task_014,excellent
output_001076,task_014,excellent
output_001077,task_014,excellent
output_001078,task_014,excellent
output_001079,task_015,intermediate
output_001080,task_015,intermediate
output_001081,task_015,intermediate
output_001082,task_015,intermediate
output_001083,task_015,intermediate
output_001084,task_015,intermediate
output_001085,task_015,intermediate
output_001086,task_015,intermediate
output_001087,task_015,intermediate
output_001088,task_015,intermediate
output_001089,task_015,intermediate
output_001090,task_015,intermediate
output_001091,task_015,intermediate
output_001092,task_015,intermediate
output_001093,task_015,intermediate
output_001094,task_015,intermediate
output_001095,task_015,intermediate
output_001096,task_015,intermediate
output_001097,task_015,intermediate
output_001098,task_015,intermediate
output_001099,task_015,good
output_001100,task_015,good
output_001101,task_015,good
output_001102,task_015,good
output_001103,task_015,good
output_001104,task_015,good
output_001105,task_015,good
output_001106,task_015,good
output_001107,task_015,good
output_001108,task_015,good
output_001109,task_015,good
output_001110,task_015,good
output_001111,task_015,good
output_001112,task_015,good
output_001113,task_015,good
output_001114,task_015,good
output_001115,task_015,good
output_001116,task_015,good
output_001117,task_015,good
output_001118,task_015,good
output_001119,task_015,good
output_001120,task_015,good
output_001121,task_015,good
output_001122,task_015,good
output_001123,task_015,excellent
output_001124,task_015,excellent
output_001125,task_015,excellent
output_001126,task_015,excellent
output_001127,task_015,excellent
output_001128,task_015,excellent
output_001129,task_015,excellent
output_001130,task_015,excellent
output_001131,task_015,excellent
output_001132,task_015,excellent
output_001133,task_015,excellent
output_001134,task_015,excellent
output_001135,task_015,excellent
output_001136,task_015,excellent
output_001137,task_015,excellent
output_001138,task_015,excellent
output_001139,task_015,excellent
output_001140,task_015,excellent
output_001141,task_015,excellent
output_001142,task_015,excellent
output_001143,task_015,excellent
output_001144,task_015,excellent
output_001145,task_015,excellent
output_001146,task_015,excellent
output_001147,task_016,intermediate
output_001148,task_016,intermediate
output_001149,task_016,intermediate
output_001150,task_016,intermediate
output_001151,task_016,intermediate
output_001152,task_016,intermediate
output_001153,task_016,intermediate
output_001154,task_016,intermediate
output_001155,task_016,intermediate
output_001156,task_016,intermediate
output_001157,task_016,intermediate
output_001158,task_016,intermediate
output_001159,task_016,intermediate
output_001160,task_016,intermediate
output_001161,task_016,intermediate
output_001162,task_016,intermediate
output_001163,task_016,intermediate
output_001164,task_016,intermediate
output_001165,task_016,intermediate
output_001166,task_016,intermediate
output_001167,task_016,intermediate
output_001168,task_016,intermediate
output_001169,task_016,intermediate
output_001170,task_016,intermediate
output_001171,task_016,good
output_001172,task_016,good
output_001173,task_016,good
output_001174,task_016,good
output_001175,task_016,good
output_001176,task_016,good
output_001177,task_016,good
output_001178,task_016,good
output_001179,task_016,good
output_001180,task_016,good
output_001181,task_016,good
output_001182,task_016,good
output_001183,task_016,good
output_001184,task_016,good
output_001185,task_016,good
output_001186,task_016,good
output_001187,task_016,good
output_001188,task_016,good
output_001189,task_016,good
output_001190,task_016,good
output_001191,task_016,good
output_001192,task_016,good
output_001193,task_016,excellent
output_001194,task_016,excellent
output_001195,task_016,excellent
output_001196,task_016,excellent
output_001197,task_016,excellent
output_001198,task_016,excellent
output_001199,task_016,excellent
output_001200,task_016,excellent
output_001201,task_016,excellent
output_001202,task_016,excellent
output_001203,task_016,excellent
output_001204,task_016,excellent
output_001205,task_016,excellent
output_001206,task_016,excellent
output_001207,task_016,excellent
output_001208,task_016,excellent
output_001209,task_016,excellent
output_001210,task_016,excellent
output_001211,task_016,excellent
output_001212,task_016,excellent
output_001213,task_016,excellent
output_001214,task_016,excellent
output_001215,task_016,excellent
output_001216,task_016,excellent
output_001217,task_016,excellent
output_001218,task_016,excellent
output_001219,task_017,intermediate
output_001220,task_017,intermediate
output_001221,task_017,intermediate
output_001222,task_017,intermediate
output_001223,task_017,intermediate
output_001224,task_017,intermediate
output_001225,task_017,intermediate
output_001226,task_017,intermediate
output_001227,task_017,intermediate
output_001228,task_017,intermediate
output_001229,task_017,intermediate
output_001230,task_017,intermediate
output_001231,task_017,intermediate
output_001232,task_017,intermediate
output_001233,task_017,intermediate
output_001234,task_017,intermediate
output_001235,task_017,intermediate
output_001236,task_017,intermediate
output_001237,task_017,intermediate
output_001238,task_017,intermediate
output_001239,task_017,intermediate
output_001240,task_017,intermediate
output_001241,task_017,intermediate
output_001242,task_017,intermediate
output_001243,task_017,intermediate
output_001244,task_017,intermediate
output_001245,task_017,intermediate
output_001246,task_017,good
output_001247,task_017,good
output_001248,task_017,good
output_001249,task_017,good
output_001250,task_017,good
output_001251,task_017,good
output_001252,task_017,good
output_001253,task_017,good
output_001254,task_017,good
output_001255,task_017,good
output_001256,task_017,good
output_001257,task_017,good
output_001258,task_017,good
output_001259,task_017,good
output_001260,task_017,good
output_001261,task_017,good
output_001262,task_017,good
output_001263,task_017,good
output_001264,task_017,good
output_001265,task_017,good
output_001266,task_017,good
output_001267,task_017,good
output_001268,task_017,good
output_001269,task_017,good
output_001270,task_017,good
output_001271,task_017,good
output_001272,task_017,good
output_001273,task_017,good
output_001274,task_017,good
output_001275,task_017,excellent
output_001276,task_017,excellent
output_001277,task_017,excellent
output_001278,task_017,excellent
output_001279,task_017,excellent
output_001280,task_017,excellent
output_001281,task_017,excellent
output_001282,task_017,excellent
output_001283,task_017,excellent
output_001284,task_017,excellent
output_001285,task_017,excellent
output_001286,task_017,excellent
output_001287,task_017,excellent
output_001288,task_017,excellent
output_001289,task_017,excellent
output_001290,task_017,excellent
output_001291,task_017,excellent
output_001292,task_017,excellent
output_001293,task_017,excellent
output_001294,task_017,excellent
output_001295,task_017,excellent
output_001296,task_017,excellent
output_001297,task_017,excellent
output_001298,task_017,excellent
output_001299,task_017,excellent
output_001300,task_017,excellent
output_001301,task_018,intermediate
output_001302,task_018,intermediate
output_001303,task_018,intermediate
output_001304,task_018,intermediate
output_001305,task_018,intermediate
output_001306,task_018,intermediate
output_001307,task_018,intermediate
output_001308,task_018,intermediate
output_001309,task_018,intermediate
output_001310,task_018,intermediate
output_001311,task_018,intermediate
output_001312,task_018,intermediate
output_001313,task_018,intermediate
output_001314,task_018,intermediate
output_001315,task_018,intermediate
output_001316,task_018,intermediate
output_001317,task_018,intermediate
output_001318,task_018,intermediate
output_001319,task_018,intermediate
output_001320,task_018,intermediate
output_001321,task_018,intermediate
output_001322,task_018,intermediate
output_001323,task_018,intermediate
output_001324,task_018,intermediate
output_001325,task_018,intermediate
output_001326,task_018,good
output_001327,task_018,good
output_001328,task_018,good
output_001329,task_018,good
output_001330,task_018,good
output_001331,task_018,good
output_001332,task_018,good
output_001333,task_018,good
output_001334,task_018,good
output_001335,task_018,good
output_001336,task_018,good
output_001337,task_018,good
output_001338,task_018,good
output_001339,task_018,good
output_001340,task_018,good
output_001341,task_018,good
output_001342,task_018,good
output_001343,task_018,good
output_001344,task_018,good
output_001345,task_018,good
output_001346,task_018,good
output_001347,task_018,good
output_001348,task_018,good
output_001349,task_018,good
output_001350,task_018,excellent
output_001351,task_018,excellent
output_001352,task_018,excellent
output_001353,task_018,excellent
output_001354,task_018,excellent
output_001355,task_018,excellent
output_001356,task_018,excellent
output_001357,task_018,excellent
output_001358,task_018,excellent
output_001359,task_018,excellent
output_001360,task_018,excellent
output_001361,task_018,excellent
output_001362,task_018,excellent
output_001363,task_018,excellent
output_001364,task_018,excellent
output_001365,task_018,excellent
output_001366,task_018,excellent
output_001367,task_018,excellent
output_001368,task_018,excellent
output_001369,task_018,excellent
output_001370,task_018,excellent
output_001371,task_018,excellent
output_001372,task_018,excellent
output_001373,task_018,excellent
output_001374,task_018,excellent
output_001375,task_019,intermediate
output_001376,task_019,intermediate
output_001377,task_019,intermediate
output_001378,task_019,intermediate
output_001379,task_019,intermediate
output_001380,task_019,intermediate
output_001381,task_019,intermediate
output_001382,task_019,intermediate
output_001383,task_019,intermediate
output_001384,task_019,intermediate
output_001385,task_019,intermediate
output_001386,task_019,intermediate
output_001387,task_019,intermediate
output_001388,task_019,intermediate
output_001389,task_019,intermediate
output_001390,task_019,intermediate
output_001391,task_019,intermediate
output_001392,task_019,intermediate
output_001393,task_019,intermediate
output_001394,task_019,intermediate
output_001395,task_019,intermediate
output_001396,task_019,intermediate
output_001397,task_019,intermediate
output_001398,task_019,intermediate
output_001399,task_019,intermediate
output_001400,task_019,intermediate
output_001401,task_019,good
output_001402,task_019,good
output_001403,task_019,good
output_001404,task_019,good
output_001405,task_019,good
output_001406,task_019,good
output_001407,task_019,good
output_001408,task_019,good
output_001409,task_019,good
output_001410,task_019,good
output_001411,task_019,good
output_001412,task_019,good
output_001413,task_019,good
output_001414,task_019,good
output_001415,task_019,good
output_001416,task_019,good
output_001417,task_019,good
output_001418,task_019,good
output_001419,task_019,good
output_001420,task_019,good
output_001421,task_019,good
output_001422,task_019,good
output_001423,task_019,good
output_001424,task_019,good
output_001425,task_019,good
output_001426,task_019,excellent
output_001427,task_019,excellent
output_001428,task_019,excellent
output_001429,task_019,excellent
output_001430,task_019,excellent
output_001431,task_019,excellent
output_001432,task_019,excellent
output_001433,task_019,excellent
output_001434,task_019,excellent
output_001435,task_019,excellent
output_001436,task_019,excellent
output_001437,task_019,excellent
output_001438,task_019,excellent
output_001439,task_019,excellent
output_001440,task_019,excellent
output_001441,task_019,excellent
output_001442,task_019,excellent
output_001443,task_019,excellent
output_001444,task_019,excellent
output_001445,task_019,excellent
output_001446,task_019,excellent
output_001447,task_019,excellent
output_001448,task_020,intermediate
output_001449,task_020,intermediate
output_001450,task_020,intermediate
output_001451,task_020,intermediate
output_001452,task_020,intermediate
output_001453,task_020,intermediate
output_001454,task_020,intermediate
output_001455,task_020,intermediate
output_001456,task_020,intermediate
output_001457,task_020,intermediate
output_001458,task_020,intermediate
output_001459,task_020,intermediate
output_001460,task_020,intermediate
output_001461,task_020,intermediate
output_001462,task_020,intermediate
output_001463,task_020,intermediate
output_001464,task_020,intermediate
output_001465,task_020,intermediate
output_001466,task_020,intermediate
output_001467,task_020,intermediate
output_001468,task_020,intermediate
output_001469,task_020,intermediate
output_001470,task_020,intermediate
output_001471,task_020,intermediate
output_001472,task_020,intermediate
output_001473,task_020,intermediate
output_001474,task_020,good
output_001475,task_020,good
output_001476,task_020,good
output_001477,task_020,good
output_001478,task_020,good
output_001479,task_020,good
output_001480,task_020,good
output_001481,task_020,good
output_001482,task_020,good
output_001483,task_020,good
output_001484,task_020,good
output_001485,task_020,good
output_001486,task_020,good
output_001487,task_020,good
output_001488,task_020,good
output_001489,task_020,good
output_001490,task_020,good
output_001491,task_020,good
output_001492,task_020,good
output_001493,task_020,good
output_001494,task_020,good
output_001495,task_020,good
output_001496,task_020,good
output_001497,task_020,good
output_001498,task_020,excellent
output_001499,task_020,excellent
output_001500,task_020,excellent
output_001501,task_020,excellent
output_001502,task_020,excellent
output_001503,task_020,excellent
output_001504,task_020,excellent
output_001505,task_020,excellent
output_001506,task_020,excellent
output_001507,task_020,excellent
output_001508,task_020,excellent
output_001509,task_020,excellent
output_001510,task_020,excellent
output_001511,task_020,excellent
output_001512,task_020,excellent
output_001513,task_020,excellent
output_001514,task_020,excellent
output_001515,task_020,excellent
output_001516,task_020,excellent
output_001517,task_020,excellent
output_001518,task_020,excellent
output_001519,task_020,excellent
output_001520,task_020,excellent
output_001521,task_020,excellent
output_001522,task_021,intermediate
output_001523,task_021,intermediate
output_001524,task_021,intermediate
output_001525,task_021,intermediate
output_001526,task_021,intermediate
output_001527,task_021,intermediate
output_001528,task_021,intermediate
output_001529,task_021,intermediate
output_001530,task_021,intermediate
output_001531,task_021,intermediate
output_001532,task_021,intermediate
output_001533,task_021,intermediate
output_001534,task_021,intermediate
output_001535,task_021,intermediate
output_001536,task_021,intermediate
output_001537,task_021,intermediate
output_001538,task_021,intermediate
output_001539,task_021,intermediate
output_001540,task_021,intermediate
output_001541,task_021,intermediate
output_001542,task_021,intermediate
output_001543,task_021,intermediate
output_001544,task_021,intermediate
output_001545,task_021,intermediate
output_001546,task_021,intermediate
output_001547,task_021,intermediate
output_001548,task_021,intermediate
output_001549,task_021,intermediate
output_001550,task_021,good
output_001551,task_021,good
output_001552,task_021,good
output_001553,task_021,good
output_001554,task_021,good
output_001555,task_021,good
output_001556,task_021,good
output_001557,task_021,good
output_001558,task_021,good
output_001559,task_021,good
output_001560,task_021,good
output_001561,task_021,good
output_001562,task_021,good
output_001563,task_021,good
output_001564,task_021,good
output_001565,task_021,good
output_001566,task_021,good
output_001567,task_021,good
output_001568,task_021,good
output_001569,task_021,good
output_001570,task_021,good
output_001571,task_021,good
output_001572,task_021,good
output_001573,task_021,good
output_001574,task_021,excellent
output_001575,task_021,excellent
output_001576,task_021,excellent
output_001577,task_021,excellent
output_001578,task_021,excellent
output_001579,task_021,excellent
output_001580,task_021,excellent
output_001581,task_021,excellent
output_001582,task_021,excellent
output_001583,task_021,excellent
output_001584,task_021,excellent
output_001585,task_021,excellent
output_001586,task_021,excellent
output_001587,task_021,excellent
output_001588,task_021,excellent
output_001589,task_021,excellent
output_001590,task_021,excellent
output_001591,task_021,excellent
output_001592,task_021,excellent
output_001593,task_021,excellent
output_001594,task_021,excellent
output_001595,task_021,excellent
output_001596,task_021,excellent
output_001597,task_021,excellent
output_001598,task_021,excellent
output_001599,task_021,excellent
output_001600,task_022,intermediate
output_001601,task_022,intermediate
output_001602,task_022,intermediate
output_001603,task_022,intermediate
output_001604,task_022,intermediate
output_001605,task_022,intermediate
output_001606,task_022,intermediate
output_001607,task_022,intermediate
output_001608,task_022,intermediate
output_001609,task_022,intermediate
output_001610,task_022,intermediate
output_001611,task_022,intermediate
output_001612,task_022,intermediate
output_001613,task_022,intermediate
output_001614,task_022,intermediate
output_001615,task_022,intermediate
output_001616,task_022,intermediate
output_001617,task_022,intermediate
output_001618,task_022,intermediate
output_001619,task_022,intermediate
output_001620,task_022,intermediate
output_001621,task_022,intermediate
output_001622,task_022,intermediate
output_001623,task_022,good
output_001624,task_022,good
output_001625,task_022,good
output_001626,task_022,good
output_001627,task_022,good
output_001628,task_022,good
output_001629,task_022,good
output_001630,task_022,good
output_001631,task_022,good
output_001632,task_022,good
output_001633,task_022,good
output_001634,task_022,good
output_001635,task_022,good
output_001636,task_022,good
output_001637,task_022,good
output_001638,task_022,good
output_001639,task_022,good
output_001640,task_022,good
output_001641,task_022,good
output_001642,task_022,good
output_001643,task_022,good
output_001644,task_022,good
output_001645,task_022,good
output_001646,task_022,good
output_001647,task_022,good
output_001648,task_022,excellent
output_001649,task_022,excellent
output_001650,task_022,excellent
output_001651,task_022,excellent
output_001652,task_022,excellent
output_001653,task_022,excellent
output_001654,task_022,excellent
output_001655,task_022,excellent
output_001656,task_022,excellent
output_001657,task_022,excellent
output_001658,task_022,excellent
output_001659,task_022,excellent
output_001660,task_022,excellent
output_001661,task_022,excellent
output_001662,task_022,excellent
output_001663,task_022,excellent
output_001664,task_022,excellent
output_001665,task_022,excellent
output_001666,task_022,excellent
output_001667,task_022,excellent
output_001668,task_022,excellent
output_001669,task_022,excellent
output_001670,task_022,excellent
output_001671,task_022,excellent
output_001672,task_022,excellent
output_001673,task_023,intermediate
output_001674,task_023,intermediate
output_001675,task_023,intermediate
output_001676,task_023,intermediate
output_001677,task_023,intermediate
output_001678,task_023,intermediate
output_001679,task_023,intermediate
output_001680,task_023,intermediate
output_001681,task_023,intermediate
output_001682,task_023,intermediate
output_001683,task_023,intermediate
output_001684,task_023,intermediate
output_001685,task_023,intermediate
output_001686,task_023,intermediate
output_001687,task_023,intermediate
output_001688,task_023,intermediate
output_001689,task_023,intermediate
output_001690,task_023,intermediate
output_001691,task_023,intermediate
output_001692,task_023,intermediate
output_001693,task_023,intermediate
output_001694,task_023,intermediate
output_001695,task_023,intermediate
output_001696,task_023,intermediate
output_001697,task_023,intermediate
output_001698,task_023,good
output_001699,task_023,good
output_001700,task_023,good
output_001701,task_023,good
output_001702,task_023,good
output_001703,task_023,good
output_001704,task_023,good
output_001705,task_023,good
output_001706,task_023,good
output_001707,task_023,good
output_001708,task_023,good
output_001709,task_023,good
output_001710,task_023,good
output_001711,task_023,good
output_001712,task_023,good
output_001713,task_023,good
output_001714,task_023,good
output_001715,task_023,good
output_001716,task_023,good
output_001717,task_023,good
output_001718,task_023,good
output_001719,task_023,good
output_001720,task_023,good
output_001721,task_023,good
output_001722,task_023,good
output_001723,task_023,good
output_001724,task_023,good
output_001725,task_023,excellent
output_001726,task_023,excellent
output_001727,task_023,excellent
output_001728,task_023,excellent
output_001729,task_023,excellent
output_001730,task_023,excellent
output_001731,task_023,excellent
output_001732,task_023,excellent
output_001733,task_023,excellent
output_001734,task_023,excellent
output_001735,task_023,excellent
output_001736,task_023,excellent
output_001737,task_023,excellent
output_001738,task_023,excellent
output_001739,task_023,excellent
output_001740,task_023,excellent
output_001741,task_023,excellent
output_001742,task_023,excellent
output_001743,task_023,excellent
output_001744,task_023,excellent
output_001745,task_023,excellent
output_001746,task_023,excellent
output_001747,task_023,excellent
output_001748,task_023,excellent
output_001749,task_024,intermediate
output_001750,task_024,intermediate
output_001751,task_024,intermediate
output_001752,task_024,intermediate
output_001753,task_024,intermediate
output_001754,task_024,intermediate
output_001755,task_024,intermediate
output_001756,task_024,intermediate
output_001757,task_024,intermediate
output_001758,task_024,intermediate
output_001759,task_024,intermediate
output_001760,task_024,intermediate
output_001761,task_024,intermediate
output_001762,task_024,intermediate
output_001763,task_024,intermediate
output_001764,task_024,intermediate
output_001765,task_024,intermediate
output_001766,task_024,intermediate
output_001767,task_024,intermediate
output_001768,task_024,intermediate
output_001769,task_024,intermediate
output_001770,task_024,intermediate
output_001771,task_024,intermediate
output_001772,task_024,intermediate
output_001773,task_024,intermediate
output_001774,task_024,intermediate
output_001775,task_024,good
output_001776,task_024,good
output_001777,task_024,good
output_001778,task_024,good
output_001779,task_024,good
output_001780,task_024,good
output_001781,task_024,good
output_001782,task_024,good
output_001783,task_024,good
output_001784,task_024,good
output_001785,task_024,good
output_001786,task_024,good
output_001787,task_024,good
output_001788,task_024,good
output_001789,task_024,good
output_001790,task_024,good
output_001791,task_024,good
output_001792,task_024,good
output_001793,task_024,good
output_001794,task_024,good
output_001795,task_024,good
output_001796,task_024,good
output_001797,task_024,good
output_001798,task_024,good
output_001799,task_024,excellent
output_001800,task_024,excellent
output_001801,task_024,excellent
output_001802,task_024,excellent
output_001803,task_024,excellent
output_001804,task_024,excellent
output_001805,task_024,excellent
output_001806,task_024,excellent
output_001807,task_024,excellent
output_001808,task_024,excellent
output_001809,task_024,excellent
output_001810,task_024,excellent
output_001811,task_024,excellent
output_001812,task_024,excellent
output_001813,task_024,excellent
output_001814,task_024,excellent
output_001815,task_024,excellent
output_001816,task_024,excellent
output_001817,task_024,excellent
output_001818,task_024,excellent
output_001819,task_024,excellent
output_001820,task_024,excellent
output_001821,task_024,excellent
output_001822,task_024,excellent
output_001823,task_025,intermediate
output_001824,task_025,intermediate
output_001825,task_025,intermediate
output_001826,task_025,intermediate
output_001827,task_025,intermediate
output_001828,task_025,intermediate
output_001829,task_025,intermediate
output_001830,task_025,intermediate
output_001831,task_025,intermediate
output_001832,task_025,intermediate
output_001833,task_025,intermediate
output_001834,task_025,intermediate
output_001835,task_025,intermediate
output_001836,task_025,intermediate
output_001837,task_025,intermediate
output_001838,task_025,intermediate
output_001839,task_025,intermediate
output_001840,task_025,intermediate
output_001841,task_025,intermediate
output_001842,task_025,intermediate
output_001843,task_025,intermediate
output_001844,task_025,intermediate
output_001845,task_025,intermediate
output_001846,task_025,good
output_001847,task_025,good
output_001848,task_025,good
output_001849,task_025,good
output_001850,task_025,good
output_001851,task_025,good
output_001852,task_025,good
output_001853,task_025,good
output_001854,task_025,good
output_001855,task_025,good
output_001856,task_025,good
output_001857,task_025,good
output_001858,task_025,good
output_001859,task_025,good
output_001860,task_025,good
output_001861,task_025,good
output_001862,task_025,good
output_001863,task_025,good
output_001864,task_025,good
output_001865,task_025,good
output_001866,task_025,good
output_001867,task_025,good
output_001868,task_025,good
output_001869,task_025,good
output_001870,task_025,good
output_001871,task_025,good
output_001872,task_025,excellent
output_001873,task_025,excellent
output_001874,task_025,excellent
output_001875,task_025,excellent
output_001876,task_025,excellent
output_001877,task_025,excellent
output_001878,task_025,excellent
output_001879,task_025,excellent
output_001880,task_025,excellent
output_001881,task_025,excellent
output_001882,task_025,excellent
output_001883,task_025,excellent
output_001884,task_025,excellent
output_001885,task_025,excellent
output_001886,task_025,excellent
output_001887,task_025,excellent
output_001888,task_025,excellent
output_001889,task_025,excellent
output_001890,task_025,excellent
output_001891,task_025,excellent
output_001892,task_025,excellent
output_001893,task_025,excellent
output_001894,task_025,excellent
output_001895,task_025,excellent
output_001896,task_025,excellent
output_001897,task_026,intermediate
output_001898,task_026,intermediate
output_001899,task_026,intermediate
output_001900,task_026,intermediate
output_001901,task_026,intermediate
output_001902,task_026,intermediate
output_001903,task_026,intermediate
output_001904,task_026,intermediate
output_001905,task_026,intermediate
output_001906,task_026,intermediate
output_001907,task_026,intermediate
output_001908,task_026,intermediate
output_001909,task_026,intermediate
output_001910,task_026,intermediate
output_001911,task_026,intermediate
output_001912,task_026,intermediate
output_001913,task_026,intermediate
output_001914,task_026,intermediate
output_001915,task_026,intermediate
output_001916,task_026,intermediate
output_001917,task_026,intermediate
output_001918,task_026,intermediate
output_001919,task_026,intermediate
output_001920,task_026,intermediate
output_001921,task_026,intermediate
output_001922,task_026,good
output_001923,task_026,good
output_001924,task_026,good
output_001925,task_026,good
output_001926,task_026,good
output_001927,task_026,good
output_001928,task_026,good
output_001929,task_026,good
output_001930,task_026,good
output_001931,task_026,good
output_001932,task_026,good
output_001933,task_026,good
output_001934,task_026,good
output_001935,task_026,good
output_001936,task_026,good
output_001937,task_026,good
output_001938,task_026,good
output_001939,task_026,good
output_001940,task_026,good
output_001941,task_026,good
output_001942,task_026,good
output_001943,task_026,good
output_001944,task_026,good
output_001945,task_026,good
output_001946,task_026,good
output_001947,task_026,excellent
output_001948,task_026,excellent
output_001949,task_026,excellent
output_001950,task_026,excellent
output_001951,task_026,excellent
output_001952,task_026,excellent
output_001953,task_026,excellent
output_001954,task_026,excellent
output_001955,task_026,excellent
output_001956,task_026,excellent
output_001957,task_026,excellent
output_001958,task_026,excellent
output_001959,task_026,excellent
output_001960,task_026,excellent
output_001961,task_026,excellent
output_001962,task_026,excellent
output_001963,task_026,excellent
output_001964,task_026,excellent
output_001965,task_026,excellent
output_001966,task_026,excellent
output_001967,task_026,excellent
output_001968,task_026,excellent
output_001969,task_026,excellent
output_001970,task_026,excellent
output_001971,task_026,excellent
output_001972,task_027,intermediate
output_001973,task_027,intermediate
output_001974,task_027,intermediate
output_001975,task_027,intermediate
output_001976,task_027,intermediate
output_001977,task_027,intermediate
output_001978,task_027,intermediate
output_001979,task_027,intermediate
output_001980,task_027,intermediate
output_001981,task_027,intermediate
output_001982,task_027,intermediate
output_001983,task_027,intermediate
output_001984,task_027,intermediate
output_001985,task_027,intermediate
output_001986,task_027,intermediate
output_001987,task_027,intermediate
output_001988,task_027,intermediate
output_001989,task_027,intermediate
output_001990,task_027,intermediate
output_001991,task_027,intermediate
output_001992,task_027,intermediate
output_001993,task_027,good
output_001994,task_027,good
output_001995,task_027,good
output_001996,task_027,good
output_001997,task_027,good
output_001998,task_027,good
output_001999,task_027,good
output_002000,task_027,good
output_002001,task_027,good
output_002002,task_027,good
output_002003,task_027,good
output_002004,task_027,good
output_002005,task_027,good
output_002006,task_027,good
output_002007,task_027,good
output_002008,task_027,good
output_002009,task_027,good
output_002010,task_027,good
output_002011,task_027,good
output_002012,task_027,good
output_002013,task_027,good
output_002014,task_027,good
output_002015,task_027,good
output_002016,task_027,good
output_002017,task_027,excellent
output_002018,task_027,excellent
output_002019,task_027,excellent
output_002020,task_027,excellent
output_002021,task_027,excellent
output_002022,task_027,excellent
output_002023,task_027,excellent
output_002024,task_027,excellent
output_002025,task_027,excellent
output_002026,task_027,excellent
output_002027,task_027,excellent
output_002028,task_027,excellent
output_002029,task_027,excellent
output_002030,task_027,excellent
output_002031,task_027,excellent
output_002032,task_027,excellent
output_002033,task_027,excellent
output_002034,task_027,excellent
output_002035,task_027,excellent
output_002036,task_027,excellent
output_002037,task_027,excellent
output_002038,task_027,excellent
output_002039,task_027,excellent
output_002040,task_028,intermediate
output_002041,task_028,intermediate
output_002042,task_028,intermediate
output_002043,task_028,intermediate
output_002044,task_028,intermediate
output_002045,task_028,intermediate
output_002046,task_028,intermediate
output_002047,task_028,intermediate
output_002048,task_028,intermediate
output_002049,task_028,intermediate
output_002050,task_028,intermediate
output_002051,task_028,intermediate
output_002052,task_028,intermediate
output_002053,task_028,intermediate
output_002054,task_028,intermediate
output_002055,task_028,intermediate
output_002056,task_028,intermediate
output_002057,task_028,intermediate
output_002058,task_028,intermediate
output_002059,task_028,intermediate
output_002060,task_028,intermediate
output_002061,task_028,intermediate
output_002062,task_028,intermediate
output_002063,task_028,good
output_002064,task_028,good
output_002065,task_028,good
output_002066,task_028,good
output_002067,task_028,good
output_002068,task_028,good
output_002069,task_028,good
output_002070,task_028,good
output_002071,task_028,good
output_002072,task_028,good
output_002073,task_028,good
output_002074,task_028,good
output_002075,task_028,good
output_002076,task_028,good
output_002077,task_028,good
output_002078,task_028,good
output_002079,task_028,good
output_002080,task_028,good
output_002081,task_028,good
output_002082,task_028,good
output_002083,task_028,good
output_002084,task_028,good
output_002085,task_028,excellent
output_002086,task_028,excellent
output_002087,task_028,excellent
output_002088,task_028,excellent
output_002089,task_028,excellent
output_002090,task_028,excellent
output_002091,task_028,excellent
output_002092,task_028,excellent
output_002093,task_028,excellent
output_002094,task_028,excellent
output_002095,task_028,excellent
output_002096,task_028,excellent
output_002097,task_028,excellent
output_002098,task_028,excellent
output_002099,task_028,excellent
output_002100,task_028,excellent
output_002101,task_028,excellent
output_002102,task_028,excellent
output_002103,task_028,excellent
output_002104,task_028,excellent
output_002105,task_028,excellent
output_002106,task_028,excellent
output_002107,task_028,excellent
output_002108,task_028,excellent
output_002109,task_029,intermediate
output_002110,task_029,intermediate
output_002111,task_029,intermediate
output_002112,task_029,intermediate
output_002113,task_029,intermediate
output_002114,task_029,intermediate
output_002115,task_029,intermediate
output_002116,task_029,intermediate
output_002117,task_029,intermediate
output_002118,task_029,intermediate
output_002119,task_029,intermediate
output_002120,task_029,intermediate
output_002121,task_029,intermediate
output_002122,task_029,intermediate
output_002123,task_029,intermediate
output_002124,task_029,intermediate
output_002125,task_029,intermediate
output_002126,task_029,intermediate
output_002127,task_029,intermediate
output_002128,task_029,intermediate
output_002129,task_029,intermediate
output_002130,task_029,intermediate
output_002131,task_029,intermediate
output_002132,task_029,intermediate
output_002133,task_029,intermediate
output_002134,task_029,intermediate
output_002135,task_029,intermediate
output_002136,task_029,good
output_002137,task_029,good
output_002138,task_029,good
output_002139,task_029,good
output_002140,task_029,good
output_002141,task_029,good
output_002142,task_029,good
output_002143,task_029,good
output_002144,task_029,good
output_002145,task_029,good
output_002146,task_029,good
output_002147,task_029,good
output_002148,task_029,good
output_002149,task_029,good
output_002150,task_029,good
output_002151,task_029,good
output_002152,task_029,good
output_002153,task_029,good
output_002154,task_029,good
output_002155,task_029,good
output_002156,task_029,good
output_002157,task_029,good
output_002158,task_029,good
output_002159,task_029,good
output_002160,task_029,good
output_002161,task_029,good
output_002162,task_029,good
output_002163,task_029,good
output_002164,task_029,good
output_002165,task_029,excellent
output_002166,task_029,excellent
output_002167,task_029,excellent
output_002168,task_029,excellent
output_002169,task_029,excellent
output_002170,task_029,excellent
output_002171,task_029,excellent
output_002172,task_029,excellent
output_002173,task_029,excellent
output_002174,task_029,excellent
output_002175,task_029,excellent
output_002176,task_029,excellent
output_002177,task_029,excellent
output_002178,task_029,excellent
output_002179,task_029,excellent
output_002180,task_029,excellent
output_002181,task_029,excellent
output_002182,task_029,excellent
output_002183,task_029,excellent
output_002184,task_029,excellent
output_002185,task_029,excellent
output_002186,task_029,excellent
output_002187,task_029,excellent
output_002188,task_029,excellent
output_002189,task_029,excellent
output_002190,task_029,excellent
output_002191,task_029,excellent
output_002192,task_029,excellent
output_002193,task_029,excellent
output_002194,task_030,intermediate
output_002195,task_030,intermediate
output_002196,task_030,intermediate
output_002197,task_030,intermediate
output_002198,task_030,intermediate
output_002199,task_030,intermediate
output_002200,task_030,intermediate
output_002201,task_030,intermediate
output_002202,task_030,intermediate
output_002203,task_030,intermediate
output_002204,task_030,intermediate
output_002205,task_030,intermediate
output_002206,task_030,intermediate
output_002207,task_030,intermediate
output_002208,task_030,intermediate
output_002209,task_030,intermediate
output_002210,task_030,intermediate
output_002211,task_030,intermediate
output_002212,task_030,intermediate
output_002213,task_030,intermediate
output_002214,task_030,intermediate
output_002215,task_030,intermediate
output_002216,task_030,intermediate
output_002217,task_030,intermediate
output_002218,task_030,intermediate
output_002219,task_030,intermediate
output_002220,task_030,intermediate
output_002221,task_030,good
output_002222,task_030,good
output_002223,task_030,good
output_002224,task_030,good
output_002225,task_030,good
output_002226,task_030,good
output_002227,task_030,good
output_002228,task_030,good
output_002229,task_030,good
output_002230,task_030,good
output_002231,task_030,good
output_002232,task_030,good
output_002233,task_030,good
output_002234,task_030,good
output_002235,task_030,good
output_002236,task_030,good
output_002237,task_030,good
output_002238,task_030,good
output_002239,task_030,good
output_002240,task_030,good
output_002241,task_030,good
output_002242,task_030,good
output_002243,task_030,good
output_002244,task_030,good
output_002245,task_030,good
output_002246,task_030,good
output_002247,task_030,excellent
output_002248,task_030,excellent
output_002249,task_030,excellent
output_002250,task_030,excellent
output_002251,task_030,excellent
output_002252,task_030,excellent
output_002253,task_030,excellent
output_002254,task_030,excellent
output_002255,task_030,excellent
output_002256,task_030,excellent
output_002257,task_030,excellent
output_002258,task_030,excellent
output_002259,task_030,excellent
output_002260,task_030,excellent
output_002261,task_030,excellent
output_002262,task_030,excellent
output_002263,task_030,excellent
output_002264,task_030,excellent
output_002265,task_030,excellent
output_002266,task_030,excellent
output_002267,task_030,excellent
output_002268,task_030,excellent
output_002269,task_030,excellent
output_002270,task_030,excellent
output_002271,task_030,excellent
output_002272,task_030,excellent
output_002273,task_030,excellent
output_002274,task_030,excellent
