base_task_id,output_id,available_annotations,available_raters,A_annotation_id,A_rater_id,B_annotation_id,B_rater_id,anchor_annotation_id,anchor_rater_id
task_001,output_000024,2,2,annotation_001188,annotator_023,annotation_000405,annotator_008,annotation_000405,annotator_008
task_001,output_000029,2,2,annotation_001120,annotator_021,annotation_000211,annotator_005,annotation_000211,annotator_005
task_001,output_000034,2,2,annotation_001569,annotator_029,annotation_002904,annotator_050,annotation_001569,annotator_029
task_001,output_000046,2,2,annotation_001329,annotator_024,annotation_002055,annotator_036,annotation_001329,annotator_024
task_001,output_000050,2,2,annotation_001330,annotator_024,annotation_001189,annotator_023,annotation_001330,annotator_024
task_002,output_000075,2,2,annotation_001499,annotator_027,annotation_002858,annotator_049,annotation_001499,annotator_027
task_002,output_000083,4,4,annotation_002772,annotator_048,annotation_002098,annotator_036,annotation_002098,annotator_036
task_002,output_000088,2,2,annotation_001827,annotator_032,annotation_001948,annotator_034,annotation_001827,annotator_032
task_002,output_000101,2,2,annotation_001949,annotator_034,annotation_000125,annotator_004,annotation_000125,annotator_004
task_002,output_000104,2,2,annotation_000478,annotator_011,annotation_000801,annotator_017,annotation_000801,annotator_017
task_002,output_000130,2,2,annotation_001381,annotator_026,annotation_001947,annotator_034,annotation_001381,annotator_026
task_003,output_000158,2,2,annotation_000768,annotator_015,annotation_001270,annotator_024,annotation_000768,annotator_015
task_003,output_000166,2,2,annotation_002421,annotator_041,annotation_000623,annotator_013,annotation_000623,annotator_013
task_003,output_000188,2,2,annotation_002423,annotator_041,annotation_001871,annotator_032,annotation_001871,annotator_032
task_004,output_000238,2,2,annotation_000199,annotator_005,annotation_000687,annotator_014,annotation_000199,annotator_005
task_004,output_000245,3,3,annotation_002556,annotator_043,annotation_001971,annotator_034,annotation_001971,annotator_034
task_004,output_000255,3,3,annotation_001648,annotator_029,annotation_000223,annotator_006,annotation_002627,annotator_045
task_004,output_000282,2,2,annotation_002003,annotator_035,annotation_000224,annotator_006,annotation_002003,annotator_035
task_004,output_000288,2,2,annotation_002626,annotator_045,annotation_000982,annotator_020,annotation_000982,annotator_020
task_005,output_000323,2,2,annotation_001036,annotator_020,annotation_001060,annotator_021,annotation_001036,annotator_020
task_005,output_000331,2,2,annotation_001663,annotator_030,annotation_002068,annotator_036,annotation_002068,annotator_036
task_005,output_000335,2,2,annotation_000793,annotator_017,annotation_001463,annotator_026,annotation_001463,annotator_026
task_005,output_000346,2,2,annotation_000918,annotator_019,annotation_000097,annotator_002,annotation_000097,annotator_002
task_005,output_000347,2,2,annotation_001035,annotator_020,annotation_001996,annotator_035,annotation_001996,annotator_035
task_005,output_000352,2,2,annotation_000460,annotator_011,annotation_002953,annotator_050,annotation_002953,annotator_050
task_005,output_000369,2,2,annotation_001661,annotator_030,annotation_001034,annotator_020,annotation_001034,annotator_020
task_006,output_000403,2,2,annotation_002917,annotator_050,annotation_000496,annotator_011,annotation_002917,annotator_050
task_006,output_000420,2,2,annotation_000112,annotator_004,annotation_001052,annotator_021,annotation_001052,annotator_021
task_006,output_000426,2,2,annotation_002776,annotator_048,annotation_000278,annotator_006,annotation_000278,annotator_006
task_006,output_000454,2,2,annotation_001834,annotator_032,annotation_003043,annotator_051,annotation_003043,annotator_051
task_007,output_000458,2,2,annotation_002383,annotator_040,annotation_002811,annotator_049,annotation_002383,annotator_040
task_007,output_000460,2,2,annotation_001574,annotator_029,annotation_001391,annotator_026,annotation_001574,annotator_029
task_007,output_000487,2,2,annotation_000340,annotator_007,annotation_001922,annotator_033,annotation_001922,annotator_033
task_007,output_000494,2,2,annotation_001077,annotator_021,annotation_002384,annotator_040,annotation_002384,annotator_040
task_007,output_000499,2,2,annotation_002086,annotator_036,annotation_001392,annotator_026,annotation_002086,annotator_036
task_007,output_000502,2,2,annotation_001920,annotator_033,annotation_002702,annotator_046,annotation_001920,annotator_033
task_007,output_000507,2,2,annotation_001393,annotator_026,annotation_002382,annotator_040,annotation_001393,annotator_026
task_007,output_000515,2,2,annotation_001076,annotator_021,annotation_001256,annotator_024,annotation_001076,annotator_021
task_008,output_000548,2,2,annotation_001529,annotator_027,annotation_000368,annotator_007,annotation_001529,annotator_027
task_008,output_000557,2,2,annotation_000429,annotator_009,annotation_001530,annotator_027,annotation_000429,annotator_009
task_008,output_000576,2,2,annotation_000551,annotator_012,annotation_001554,annotator_028,annotation_001554,annotator_028
task_008,output_000580,3,3,annotation_002457,annotator_041,annotation_002909,annotator_050,annotation_001807,annotator_031
task_008,output_000582,2,2,annotation_001106,annotator_021,annotation_000813,annotator_018,annotation_000813,annotator_018
task_008,output_000584,2,2,annotation_000471,annotator_011,annotation_000936,annotator_019,annotation_000936,annotator_019
task_008,output_000587,2,2,annotation_000370,annotator_007,annotation_001916,annotator_033,annotation_000370,annotator_007
task_008,output_000589,2,2,annotation_001806,annotator_031,annotation_001107,annotator_021,annotation_001806,annotator_031
task_008,output_000603,2,2,annotation_002295,annotator_039,annotation_002601,annotator_044,annotation_002601,annotator_044
task_009,output_000617,2,2,annotation_002749,annotator_046,annotation_000180,annotator_004,annotation_002749,annotator_046
task_009,output_000634,2,2,annotation_002669,annotator_045,annotation_002044,annotator_036,annotation_002669,annotator_045
task_009,output_000639,2,2,annotation_000700,annotator_014,annotation_001853,annotator_032,annotation_001853,annotator_032
task_009,output_000645,2,2,annotation_002243,annotator_039,annotation_001910,annotator_033,annotation_002243,annotator_039
task_009,output_000654,2,2,annotation_002889,annotator_049,annotation_001560,annotator_028,annotation_002889,annotator_049
task_009,output_000657,2,2,annotation_001851,annotator_032,annotation_002043,annotator_036,annotation_001851,annotator_032
task_009,output_000663,2,2,annotation_000424,annotator_009,annotation_000701,annotator_014,annotation_000424,annotator_009
task_009,output_000692,2,2,annotation_001852,annotator_032,annotation_002045,annotator_036,annotation_001852,annotator_032
task_009,output_000698,2,2,annotation_002152,annotator_038,annotation_000393,annotator_008,annotation_000393,annotator_008
task_010,output_000702,2,2,annotation_001070,annotator_021,annotation_001030,annotator_020,annotation_001030,annotator_020
task_010,output_000716,2,2,annotation_000586,annotator_013,annotation_002782,annotator_048,annotation_002782,annotator_048
task_010,output_000718,2,2,annotation_000333,annotator_007,annotation_002805,annotator_049,annotation_002805,annotator_049
task_010,output_000723,2,2,annotation_000675,annotator_014,annotation_002804,annotator_049,annotation_000675,annotator_014
task_010,output_000726,2,2,annotation_002224,annotator_039,annotation_000819,annotator_018,annotation_002224,annotator_039
task_010,output_000732,2,2,annotation_001131,annotator_022,annotation_001312,annotator_024,annotation_001312,annotator_024
task_010,output_000738,2,2,annotation_002665,annotator_045,annotation_002783,annotator_048,annotation_002665,annotator_045
task_010,output_000739,2,2,annotation_001735,annotator_031,annotation_000513,annotator_011,annotation_000513,annotator_011
task_010,output_000753,2,2,annotation_000334,annotator_007,annotation_001924,annotator_034,annotation_001924,annotator_034
task_010,output_000773,2,2,annotation_000818,annotator_018,annotation_001130,annotator_022,annotation_001130,annotator_022
task_011,output_000789,2,2,annotation_002647,annotator_045,annotation_002390,annotator_040,annotation_002390,annotator_040
task_011,output_000795,2,2,annotation_000842,annotator_018,annotation_002147,annotator_038,annotation_002147,annotator_038
task_011,output_000801,2,2,annotation_000244,annotator_006,annotation_001727,annotator_031,annotation_000244,annotator_006
task_011,output_000807,2,2,annotation_002389,annotator_040,annotation_000021,annotator_002,annotation_002389,annotator_040
task_011,output_000810,2,2,annotation_000243,annotator_006,annotation_000844,annotator_018,annotation_000243,annotator_006
task_011,output_000827,2,2,annotation_002648,annotator_045,annotation_001580,annotator_029,annotation_002648,annotator_045
task_011,output_000830,2,2,annotation_001422,annotator_026,annotation_003039,annotator_051,annotation_003039,annotator_051
task_011,output_000836,2,2,annotation_002948,annotator_050,annotation_002146,annotator_038,annotation_002146,annotator_038
task_011,output_000842,2,2,annotation_000304,annotator_007,annotation_001090,annotator_021,annotation_000304,annotator_007
task_011,output_000848,2,2,annotation_000437,annotator_010,annotation_001581,annotator_029,annotation_000437,annotator_010
task_012,output_000863,2,2,annotation_001237,annotator_023,annotation_001264,annotator_024,annotation_001237,annotator_023
task_012,output_000875,2,2,annotation_001041,annotator_021,annotation_002865,annotator_049,annotation_002865,annotator_049
task_012,output_000877,2,2,annotation_002007,annotator_035,annotation_002863,annotator_049,annotation_002007,annotator_035
task_012,output_000899,2,2,annotation_001549,annotator_027,annotation_001746,annotator_031,annotation_001549,annotator_027
task_012,output_000908,2,2,annotation_000080,annotator_002,annotation_002864,annotator_049,annotation_002864,annotator_049
task_012,output_000910,2,2,annotation_001548,annotator_027,annotation_002008,annotator_035,annotation_001548,annotator_027
task_012,output_000919,2,2,annotation_001150,annotator_022,annotation_001042,annotator_021,annotation_001150,annotator_022
task_013,output_000938,3,3,annotation_000867,annotator_018,annotation_000906,annotator_019,annotation_000906,annotator_019
task_013,output_000940,2,2,annotation_002533,annotator_043,annotation_002965,annotator_050,annotation_002533,annotator_043
task_013,output_000951,2,2,annotation_000250,annotator_006,annotation_001799,annotator_031,annotation_000250,annotator_006
task_013,output_000959,2,2,annotation_000604,annotator_013,annotation_001439,annotator_026,annotation_001439,annotator_026
task_013,output_000996,2,2,annotation_001440,annotator_026,annotation_002966,annotator_050,annotation_002966,annotator_050
task_014,output_001013,2,2,annotation_002526,annotator_043,annotation_000230,annotator_006,annotation_000230,annotator_006
task_014,output_001019,2,2,annotation_000508,annotator_011,annotation_002062,annotator_036,annotation_002062,annotator_036
task_014,output_001026,2,2,annotation_002254,annotator_039,annotation_001429,annotator_026,annotation_002254,annotator_039
task_014,output_001031,2,2,annotation_002063,annotator_036,annotation_002851,annotator_049,annotation_002063,annotator_036
task_014,output_001032,2,2,annotation_001428,annotator_026,annotation_000580,annotator_013,annotation_000580,annotator_013
task_014,output_001047,2,2,annotation_002718,annotator_046,annotation_001588,annotator_029,annotation_002718,annotator_046
task_014,output_001064,3,3,annotation_002853,annotator_049,annotation_003003,annotator_051,annotation_000581,annotator_013
task_014,output_001068,2,2,annotation_001505,annotator_027,annotation_002253,annotator_039,annotation_002253,annotator_039
task_014,output_001075,2,2,annotation_002481,annotator_042,annotation_001427,annotator_026,annotation_002481,annotator_042
task_015,output_001082,2,2,annotation_002679,annotator_045,annotation_001375,annotator_025,annotation_001375,annotator_025
task_015,output_001084,2,2,annotation_002290,annotator_039,annotation_002552,annotator_043,annotation_002552,annotator_043
task_015,output_001100,2,2,annotation_002680,annotator_045,annotation_001101,annotator_021,annotation_001101,annotator_021
task_015,output_001108,2,2,annotation_000664,annotator_014,annotation_000558,annotator_012,annotation_000664,annotator_014
task_016,output_001177,3,3,annotation_002713,annotator_046,annotation_002614,annotator_045,annotation_002614,annotator_045
task_016,output_001180,2,2,annotation_000132,annotator_004,annotation_002841,annotator_049,annotation_002841,annotator_049
task_016,output_001187,2,2,annotation_000534,annotator_012,annotation_000087,annotator_002,annotation_000087,annotator_002
task_016,output_001200,2,2,annotation_002840,annotator_049,annotation_000086,annotator_002,annotation_000086,annotator_002
task_017,output_001244,2,2,annotation_001611,annotator_029,annotation_000217,annotator_005,annotation_000217,annotator_005
task_017,output_001260,2,2,annotation_000466,annotator_011,annotation_001219,annotator_023,annotation_001219,annotator_023
task_017,output_001273,2,2,annotation_001794,annotator_031,annotation_002285,annotator_039,annotation_001794,annotator_031
task_017,output_001277,2,2,annotation_001399,annotator_026,annotation_000138,annotator_004,annotation_001399,annotator_026
task_017,output_001285,2,2,annotation_000219,annotator_005,annotation_001217,annotator_023,annotation_001217,annotator_023
task_017,output_001295,2,2,annotation_001793,annotator_031,annotation_001612,annotator_029,annotation_001612,annotator_029
task_017,output_001297,2,2,annotation_002730,annotator_046,annotation_002521,annotator_043,annotation_002521,annotator_043
task_018,output_001302,2,2,annotation_001369,annotator_025,annotation_000806,annotator_017,annotation_001369,annotator_025
task_018,output_001311,2,2,annotation_001629,annotator_029,annotation_000356,annotator_007,annotation_000356,annotator_007
task_018,output_001327,2,2,annotation_000358,annotator_007,annotation_000593,annotator_013,annotation_000358,annotator_007
task_018,output_001334,2,2,annotation_001368,annotator_025,annotation_000142,annotator_004,annotation_001368,annotator_025
task_018,output_001351,2,2,annotation_001788,annotator_031,annotation_000591,annotator_013,annotation_001788,annotator_031
task_018,output_001365,2,2,annotation_000143,annotator_004,annotation_000104,annotator_002,annotation_000104,annotator_002
task_019,output_001380,2,2,annotation_000161,annotator_004,annotation_001888,annotator_032,annotation_001888,annotator_032
task_019,output_001387,2,2,annotation_000872,annotator_018,annotation_000038,annotator_002,annotation_000872,annotator_018
task_019,output_001406,2,2,annotation_001292,annotator_024,annotation_002427,annotator_041,annotation_001292,annotator_024
task_019,output_001431,2,2,annotation_000010,annotator_001,annotation_001930,annotator_034,annotation_000010,annotator_001
task_020,output_001460,2,2,annotation_001765,annotator_031,annotation_000025,annotator_002,annotation_001765,annotator_031
task_020,output_001479,2,2,annotation_000026,annotator_002,annotation_002222,annotator_039,annotation_002222,annotator_039
task_020,output_001480,2,2,annotation_001839,annotator_032,annotation_000836,annotator_018,annotation_000836,annotator_018
task_020,output_001509,2,2,annotation_000998,annotator_020,annotation_002221,annotator_039,annotation_000998,annotator_020
task_021,output_001538,2,2,annotation_002489,annotator_042,annotation_000197,annotator_004,annotation_000197,annotator_004
task_021,output_001541,2,2,annotation_001415,annotator_026,annotation_000418,annotator_008,annotation_000418,annotator_008
task_021,output_001552,3,3,annotation_000575,annotator_013,annotation_002989,annotator_051,annotation_002989,annotator_051
task_021,output_001553,2,2,annotation_001183,annotator_023,annotation_002629,annotator_045,annotation_001183,annotator_023
task_021,output_001558,2,2,annotation_000544,annotator_012,annotation_002393,annotator_041,annotation_000544,annotator_012
task_021,output_001568,2,2,annotation_002570,annotator_043,annotation_000489,annotator_011,annotation_002570,annotator_043
task_021,output_001569,2,2,annotation_001011,annotator_020,annotation_001623,annotator_029,annotation_001623,annotator_029
task_021,output_001579,2,2,annotation_002187,annotator_038,annotation_001300,annotator_024,annotation_002187,annotator_038
task_021,output_001598,2,2,annotation_001012,annotator_020,annotation_001622,annotator_029,annotation_001622,annotator_029
task_021,output_001599,2,2,annotation_000260,annotator_006,annotation_002091,annotator_036,annotation_002091,annotator_036
task_022,output_001604,2,2,annotation_000923,annotator_019,annotation_002364,annotator_040,annotation_000923,annotator_019
task_022,output_001615,2,2,annotation_002219,annotator_039,annotation_002897,annotator_050,annotation_002219,annotator_039
task_022,output_001622,2,2,annotation_001046,annotator_021,annotation_002576,annotator_043,annotation_002576,annotator_043
task_022,output_001632,2,2,annotation_002217,annotator_039,annotation_000707,annotator_014,annotation_002217,annotator_039
task_022,output_001644,2,2,annotation_000410,annotator_008,annotation_002365,annotator_040,annotation_002365,annotator_040
task_022,output_001645,2,2,annotation_002694,annotator_046,annotation_000925,annotator_019,annotation_002694,annotator_046
task_022,output_001650,2,2,annotation_002695,annotator_046,annotation_002218,annotator_039,annotation_002218,annotator_039
task_022,output_001652,2,2,annotation_000412,annotator_008,annotation_000880,annotator_018,annotation_000880,annotator_018
task_023,output_001679,2,2,annotation_000316,annotator_007,annotation_001858,annotator_032,annotation_000316,annotator_007
task_023,output_001699,2,2,annotation_000290,annotator_006,annotation_001600,annotator_029,annotation_001600,annotator_029
task_023,output_001712,2,2,annotation_001459,annotator_026,annotation_001739,annotator_031,annotation_001739,annotator_031
task_023,output_001724,2,2,annotation_002794,annotator_048,annotation_000186,annotator_004,annotation_002794,annotator_048
task_023,output_001738,2,2,annotation_002621,annotator_045,annotation_001599,annotator_029,annotation_001599,annotator_029
task_023,output_001741,2,2,annotation_000074,annotator_002,annotation_002795,annotator_048,annotation_000074,annotator_002
task_023,output_001744,3,3,annotation_000185,annotator_004,annotation_001966,annotator_034,annotation_000185,annotator_004
task_024,output_001751,2,2,annotation_001877,annotator_032,annotation_001363,annotator_025,annotation_001877,annotator_032
task_024,output_001752,3,3,annotation_000641,annotator_013,annotation_000273,annotator_006,annotation_002205,annotator_038
task_024,output_001759,2,2,annotation_000970,annotator_020,annotation_002212,annotator_039,annotation_002212,annotator_039
task_024,output_001763,2,2,annotation_002079,annotator_036,annotation_001769,annotator_031,annotation_001769,annotator_031
task_024,output_001764,2,2,annotation_002973,annotator_050,annotation_003031,annotator_051,annotation_002973,annotator_050
task_024,output_001781,2,2,annotation_000274,annotator_006,annotation_001675,annotator_030,annotation_000274,annotator_006
task_024,output_001787,2,2,annotation_000399,annotator_008,annotation_001495,annotator_027,annotation_000399,annotator_008
task_024,output_001807,3,3,annotation_001876,annotator_032,annotation_000968,annotator_020,annotation_000968,annotator_020
task_024,output_001811,2,2,annotation_001281,annotator_024,annotation_002972,annotator_050,annotation_002972,annotator_050
task_024,output_001814,2,2,annotation_002877,annotator_049,annotation_002080,annotator_036,annotation_002080,annotator_036
task_024,output_001822,2,2,annotation_002213,annotator_039,annotation_001771,annotator_031,annotation_001771,annotator_031
task_025,output_001826,2,2,annotation_000449,annotator_011,annotation_001618,annotator_029,annotation_001618,annotator_029
task_025,output_001827,3,3,annotation_001668,annotator_030,annotation_001991,annotator_034,annotation_001991,annotator_034
task_025,output_001828,2,2,annotation_002377,annotator_040,annotation_000380,annotator_007,annotation_002377,annotator_040
task_025,output_001834,2,2,annotation_002563,annotator_043,annotation_002110,annotator_036,annotation_002110,annotator_036
task_025,output_001835,2,2,annotation_000006,annotator_001,annotation_000653,annotator_013,annotation_000006,annotator_001
task_025,output_001857,2,2,annotation_001357,annotator_025,annotation_002278,annotator_039,annotation_002278,annotator_039
task_025,output_001866,3,3,annotation_001342,annotator_024,annotation_001616,annotator_029,annotation_001342,annotator_024
task_025,output_001874,2,2,annotation_000447,annotator_011,annotation_000005,annotator_001,annotation_000005,annotator_001
task_025,output_001884,2,2,annotation_000284,annotator_006,annotation_002013,annotator_035,annotation_000284,annotator_006
task_025,output_001891,2,2,annotation_001617,annotator_029,annotation_002111,annotator_036,annotation_002111,annotator_036
task_025,output_001896,2,2,annotation_002378,annotator_040,annotation_000382,annotator_007,annotation_002378,annotator_040
task_026,output_001903,2,2,annotation_000328,annotator_007,annotation_000520,annotator_011,annotation_000520,annotator_011
task_026,output_001906,3,3,annotation_002499,annotator_042,annotation_002330,annotator_040,annotation_002499,annotator_042
task_026,output_001924,3,3,annotation_001641,annotator_029,annotation_002201,annotator_038,annotation_001641,annotator_029
task_026,output_001931,2,2,annotation_000327,annotator_007,annotation_000911,annotator_019,annotation_000327,annotator_007
task_026,output_001942,3,3,annotation_002237,annotator_039,annotation_000519,annotator_011,annotation_002237,annotator_039
task_026,output_001953,2,2,annotation_002398,annotator_041,annotation_001692,annotator_030,annotation_001692,annotator_030
task_027,output_001973,2,2,annotation_000310,annotator_007,annotation_003069,annotator_051,annotation_003069,annotator_051
task_027,output_001975,2,2,annotation_001288,annotator_024,annotation_001445,annotator_026,annotation_001288,annotator_024
task_027,output_002002,2,2,annotation_001813,annotator_031,annotation_002495,annotator_042,annotation_002495,annotator_042
task_027,output_002013,2,2,annotation_002540,annotator_043,annotation_002336,annotator_040,annotation_002336,annotator_040
task_028,output_002045,2,2,annotation_001904,annotator_033,annotation_002272,annotator_039,annotation_002272,annotator_039
task_028,output_002056,3,3,annotation_000755,annotator_015,annotation_002127,annotator_037,annotation_002663,annotator_045
task_028,output_002066,2,2,annotation_000988,annotator_020,annotation_002661,annotator_045,annotation_002661,annotator_045
task_028,output_002076,2,2,annotation_000930,annotator_019,annotation_002129,annotator_037,annotation_002129,annotator_037
task_028,output_002083,2,2,annotation_001592,annotator_029,annotation_002847,annotator_049,annotation_001592,annotator_029
task_028,output_002086,2,2,annotation_000986,annotator_020,annotation_002128,annotator_037,annotation_000986,annotator_020
task_028,output_002095,2,2,annotation_000891,annotator_018,annotation_001902,annotator_033,annotation_000891,annotator_018
task_028,output_002097,2,2,annotation_000166,annotator_004,annotation_000929,annotator_019,annotation_000929,annotator_019
task_029,output_002109,3,3,annotation_000898,annotator_018,annotation_002304,annotator_040,annotation_002021,annotator_035
task_029,output_002130,2,2,annotation_000443,annotator_011,annotation_002116,annotator_037,annotation_000443,annotator_011
task_029,output_002138,2,2,annotation_002020,annotator_035,annotation_002801,annotator_048,annotation_002020,annotator_035
task_029,output_002169,2,2,annotation_000156,annotator_004,annotation_002409,annotator_041,annotation_000156,annotator_004
task_029,output_002171,2,2,annotation_002802,annotator_048,annotation_000441,annotator_011,annotation_002802,annotator_048
task_029,output_002181,2,2,annotation_002306,annotator_040,annotation_000780,annotator_015,annotation_002306,annotator_040
task_029,output_002190,2,2,annotation_000352,annotator_007,annotation_002706,annotator_046,annotation_000352,annotator_007
task_030,output_002207,2,2,annotation_002311,annotator_040,annotation_000974,annotator_020,annotation_002311,annotator_040
task_030,output_002209,2,2,annotation_001349,annotator_025,annotation_002936,annotator_050,annotation_002936,annotator_050
task_030,output_002223,2,2,annotation_000635,annotator_013,annotation_000174,annotator_004,annotation_000635,annotator_013
task_030,output_002233,2,2,annotation_001512,annotator_027,annotation_000031,annotator_002,annotation_000031,annotator_002
task_030,output_002247,2,2,annotation_000773,annotator_015,annotation_000695,annotator_014,annotation_000695,annotator_014
task_030,output_002259,2,2,annotation_000826,annotator_018,annotation_000172,annotator_004,annotation_000172,annotator_004
task_030,output_002262,2,2,annotation_002935,annotator_050,annotation_000976,annotator_020,annotation_000976,annotator_020
task_030,output_002271,2,2,annotation_002312,annotator_040,annotation_002996,annotator_051,annotation_002312,annotator_040
